TABLE_NAME,COLUMN_NAME,NUM_ROWS,AVG_ROW_LEN,DATA_TYPE,DATA_LENGTH,NUM_DISTINCT,NUM_NULLS,AVG_COL_LEN
BUILDING_DC,ANC,52217,282,VARCHAR2,120,40,0,3
BUILDING_DC,APPLICATION_STATUS_NAME,52217,282,VARCHAR2,120,10,0,14
BUILDING_DC,BUSINESSIMPROVEMENTDISTRICT,52217,282,VARCHAR2,120,12,0,17
BUILDING_DC,CITY,52217,282,VARCHAR2,120,0,52217,0
BUILDING_DC,DCRAINTERNALNUMBER,52217,282,NUMBER,22,48480,0,8
BUILDING_DC,DCSTATADDRESSKEY,52217,282,VARCHAR2,120,0,52217,0
BUILDING_DC,DCSTATLOCATIONKEY,52217,282,VARCHAR2,120,0,52217,0
BUILDING_DC,DESC_OF_WORK,52217,282,VARCHAR2,120,0,52217,0
BUILDING_DC,DISTRICT,52217,282,VARCHAR2,120,7,0,7
BUILDING_DC,FEE_TYPE,52217,282,VARCHAR2,120,15470,1358,30
BUILDING_DC,FEES_PAID,52217,282,NUMBER,22,3753,25,4
BUILDING_DC,FULL_ADDRESS,52217,282,VARCHAR2,120,24770,0,31
BUILDING_DC,HOTSPOT2004NAME,52217,282,VARCHAR2,120,0,52217,0
BUILDING_DC,HOTSPOT2005NAME,52217,282,VARCHAR2,120,0,52217,0
BUILDING_DC,HOTSPOT2006NAME,52217,282,VARCHAR2,120,0,52217,0
BUILDING_DC,ISSUE_DATE,52217,282,DATE,7,0,52217,1
BUILDING_DC,LASTMODIFIEDDATE,52217,282,DATE,7,0,52217,1
BUILDING_DC,LATITUDE,52217,282,FLOAT,22,19720,0,7
BUILDING_DC,LONGITUDE,52217,282,FLOAT,22,19706,0,8
BUILDING_DC,MARADDRESSREPOSITORYID,52217,282,NUMBER,22,19934,0,5
BUILDING_DC,NEIGHBORHOODCLUSTER,52217,282,VARCHAR2,120,39,336,11
BUILDING_DC,OBJECTID,52217,282,NUMBER,22,52217,0,7
BUILDING_DC,OWNER_NAME,52217,282,VARCHAR2,120,23710,1403,19
BUILDING_DC,PERMIT_APPLICANT,52217,282,VARCHAR2,120,12610,15472,16
BUILDING_DC,PERMIT_CATEGORY_NAME,52217,282,VARCHAR2,120,14,0,4
BUILDING_DC,PERMIT_ID,52217,282,VARCHAR2,120,52217,0,10
BUILDING_DC,PERMIT_SUBTYPE_NAME,52217,282,VARCHAR2,120,37,0,15
BUILDING_DC,PERMIT_TYPE_NAME,52217,282,VARCHAR2,120,5,0,13
BUILDING_DC,PSA,52217,282,NUMBER,22,57,0,4
BUILDING_DC,SMD,52217,282,VARCHAR2,120,295,0,6
BUILDING_DC,SSL,52217,282,VARCHAR2,120,22256,762,13
BUILDING_DC,STATE,52217,282,VARCHAR2,120,0,52217,0
BUILDING_DC,WARD,52217,282,NUMBER,22,8,0,3
BUILDING_DC,X,52217,282,FLOAT,22,19486,0,8
BUILDING_DC,XCOORD,52217,282,FLOAT,22,19502,0,6
BUILDING_DC,Y,52217,282,FLOAT,22,19564,0,7
BUILDING_DC,YCOORD,52217,282,FLOAT,22,19180,0,6
BUILDING_DC,ZIPCODE,52217,282,VARCHAR2,120,0,52217,0
BUILDING_DC,ZONING,52217,282,VARCHAR2,120,149,4911,5
BUILDING_DC2,APPLICANTCOMPANYNAME,17711,193,VARCHAR2,120,80,290,16
BUILDING_DC2,APPLICATIONDATE,17711,193,VARCHAR2,120,0,17711,0
BUILDING_DC2,CONTRACTORNAME,17711,193,VARCHAR2,120,573,14364,4
BUILDING_DC2,EFFECTIVEDATE,17711,193,VARCHAR2,120,0,17711,0
BUILDING_DC2,EXPIRATIONDATE,17711,193,VARCHAR2,120,0,17711,0
BUILDING_DC2,INTAKEDATE,17711,193,VARCHAR2,120,0,17711,0
BUILDING_DC2,ISEXCAVATION,17711,193,VARCHAR2,4,2,254,2
BUILDING_DC2,ISFIXTURE,17711,193,VARCHAR2,120,2,254,2
BUILDING_DC2,ISLANDSCAPING,17711,193,VARCHAR2,120,2,254,2
BUILDING_DC2,ISPAVING,17711,193,VARCHAR2,120,2,254,2
BUILDING_DC2,ISPROJECTIONS,17711,193,VARCHAR2,120,2,254,2
BUILDING_DC2,ISPSRENTAL,17711,193,VARCHAR2,120,2,254,2
BUILDING_DC2,ISSUEDATE,17711,193,VARCHAR2,120,0,17711,0
BUILDING_DC2,LATITUDE,17711,193,FLOAT,22,7955,290,7
BUILDING_DC2,LONGITUDE,17711,193,NUMBER,22,1,290,4
BUILDING_DC2,OBJECTID,17711,193,NUMBER,22,17488,254,7
BUILDING_DC2,OWNERNAME,17711,193,VARCHAR2,120,1819,635,19
BUILDING_DC2,PERMITNUMBER,17711,193,VARCHAR2,120,14077,3602,9
BUILDING_DC2,PERMITTEENAME,17711,193,VARCHAR2,120,1639,630,19
BUILDING_DC2,READYFORREVIEWDATE,17711,193,VARCHAR2,120,1,17710,2
BUILDING_DC2,STATUS,17711,193,VARCHAR2,120,12,254,15
BUILDING_DC2,TRACKINGNUMBER,17711,193,NUMBER,22,17330,254,5
BUILDING_DC2,WLFULLADDRESS,17711,193,VARCHAR2,120,8874,254,23
BUILDING_DC2,WORKDETAIL,17711,193,VARCHAR2,120,7196,1773,28
BUILDING_DC2,X,17711,193,FLOAT,22,8977,297,8
BUILDING_DC2,XCOORD,17711,193,FLOAT,22,8925,254,6
BUILDING_DC2,Y,17711,193,FLOAT,22,8978,256,7
BUILDING_DC2,YCOORD,17711,193,FLOAT,22,8930,254,6
BUILDING_DC3,APPLICANTCOMPANYNAME,7371,281,VARCHAR2,120,7,6,19
BUILDING_DC3,APPLICATIONDATE,7371,281,VARCHAR2,120,7024,6,25
BUILDING_DC3,APPLIEDBYFULLNAME,7371,281,VARCHAR2,120,93,6,16
BUILDING_DC3,CANCELLEDDATE,7371,281,VARCHAR2,120,3243,4024,12
BUILDING_DC3,CONSTRUCTIONTRACKINGNUMBER,7371,281,NUMBER,22,1966,5405,3
BUILDING_DC3,EFFECTIVEDATE,7371,281,VARCHAR2,120,1329,6,25
BUILDING_DC3,EMERGENCYCAUSE,7371,281,VARCHAR2,120,26,7,15
BUILDING_DC3,EMERGENCYTYPEDESC,7371,281,VARCHAR2,120,7,6,7
BUILDING_DC3,EXPIRATIONDATE,7371,281,VARCHAR2,120,1117,6,25
BUILDING_DC3,ISSUEDDATE,7371,281,VARCHAR2,120,0,7371,0
BUILDING_DC3,LASTUPDATEDATE,7371,281,VARCHAR2,120,6784,244,25
BUILDING_DC3,LATITUDE,7371,281,FLOAT,22,5538,6,8
BUILDING_DC3,LOCATIONDESCRIPTION,7371,281,VARCHAR2,120,2243,6,21
BUILDING_DC3,LONGITUDE,7371,281,FLOAT,22,5538,6,9
BUILDING_DC3,OBJECTID,7371,281,NUMBER,22,7365,6,6
BUILDING_DC3,OCCUPANCYTRACKINGNUMBER,7371,281,NUMBER,22,26,7345,2
BUILDING_DC3,STARTTIME,7371,281,VARCHAR2,120,202,6,9
BUILDING_DC3,STATUS,7371,281,VARCHAR2,120,4,6,12
BUILDING_DC3,STATUSDESC,7371,281,VARCHAR2,120,4,6,14
BUILDING_DC3,X,7371,281,FLOAT,22,5691,6,12
BUILDING_DC3,XCOORD,7371,281,FLOAT,22,5521,6,7
BUILDING_DC3,Y,7371,281,FLOAT,22,5691,6,11
BUILDING_DC3,YCOORD,7371,281,FLOAT,22,5513,6,7
BUILDING_DC4,ASSIGNEDINSPECTOR,28108,298,VARCHAR2,120,37,416,9
BUILDING_DC4,CREATIONDATE,28108,298,VARCHAR2,120,26280,572,25
BUILDING_DC4,GIS_LAST_MOD_DTTM,28108,298,VARCHAR2,120,1,572,25
BUILDING_DC4,INCIDENTCASENUMBER,28108,298,NUMBER,22,23260,416,5
BUILDING_DC4,INCIDENTNAME,28108,298,VARCHAR2,120,23014,416,17
BUILDING_DC4,INCIDENTSTATUSCODE,28108,298,VARCHAR2,120,4,416,6
BUILDING_DC4,INCIDENTSTATUSDESC,28108,298,VARCHAR2,120,4,416,6
BUILDING_DC4,INSPECTIONDATE,28108,298,VARCHAR2,120,1037,572,25
BUILDING_DC4,INSPECTIONID,28108,298,NUMBER,22,27330,416,5
BUILDING_DC4,INSPECTIONLOCATION,28108,298,VARCHAR2,120,13421,572,22
BUILDING_DC4,INSPECTORFULLNAME,28108,298,VARCHAR2,120,37,416,15
BUILDING_DC4,INTERNALNOTES,28108,298,VARCHAR2,120,15353,416,27
BUILDING_DC4,LASTUPDATEDATE,28108,298,VARCHAR2,120,26280,572,25
BUILDING_DC4,LATITUDE,28108,298,FLOAT,22,13822,572,8
BUILDING_DC4,LONGITUDE,28108,298,FLOAT,22,13627,572,9
BUILDING_DC4,MAINWARD,28108,298,NUMBER,22,8,2973,3
BUILDING_DC4,MINUTESSPENT,28108,298,NUMBER,22,117,416,4
BUILDING_DC4,NOTESFORPERMITTEE,28108,298,VARCHAR2,120,0,28108,0
BUILDING_DC4,OBJECTID,28108,298,NUMBER,22,27526,416,6
BUILDING_DC4,PROBELMDESCRIPTION,28108,298,VARCHAR2,120,23,416,10
BUILDING_DC4,PROBLEMCODE,28108,298,VARCHAR2,120,24,416,6
BUILDING_DC4,REQUESTER,28108,298,VARCHAR2,120,560,19661,4
BUILDING_DC4,RESPONDERFIRSTNAME,28108,298,VARCHAR2,120,103,25669,2
BUILDING_DC4,RESPONDERLASTNAME,28108,298,VARCHAR2,120,63,25974,2
BUILDING_DC4,TOPSINSPLOCATIONID,28108,298,NUMBER,22,22136,572,5
BUILDING_DC4,X,28108,298,FLOAT,22,13689,416,12
BUILDING_DC4,XCOORD,28108,298,FLOAT,22,13160,572,7
BUILDING_DC4,Y,28108,298,FLOAT,22,13688,416,11
BUILDING_DC4,YCOORD,28108,298,FLOAT,22,13154,572,7
BUILDING_BOULDER,ADDRESS,1431,264,VARCHAR2,120,1148,0,16
BUILDING_BOULDER,AFFORDABLE_HSG_UNIT,1431,264,NUMBER,22,1,1429,2
BUILDING_BOULDER,APPLIED,1431,264,DATE,7,66,0,8
BUILDING_BOULDER,APPROVED,1431,264,DATE,7,64,176,8
BUILDING_BOULDER,ASSESSOR_ID,1431,264,NUMBER,22,1037,0,5
BUILDING_BOULDER,BUILING_USES_AND_WORK_SCOPES,1431,264,VARCHAR2,120,81,0,27
BUILDING_BOULDER,CASE_NUMBER,1431,264,VARCHAR2,120,1431,0,14
BUILDING_BOULDER,CASE_STATUS,1431,264,VARCHAR2,120,9,0,4
BUILDING_BOULDER,CATEGORY,1431,264,VARCHAR2,120,4,0,13
BUILDING_BOULDER,CO_DATE,1431,264,VARCHAR2,120,0,1431,0
BUILDING_BOULDER,COMPLETION_DATE,1431,264,DATE,7,46,1181,3
BUILDING_BOULDER,CONTRACTOR_COMPANY,1431,264,VARCHAR2,120,461,243,20
BUILDING_BOULDER,CONTRACTOR_FIRST_NAME,1431,264,VARCHAR2,120,3,1422,2
BUILDING_BOULDER,CONTRACTOR_LAST_NAME,1431,264,VARCHAR2,120,462,242,20
BUILDING_BOULDER,EXISTING_RES_UNIT,1431,264,NUMBER,22,16,690,3
BUILDING_BOULDER,ISSUED,1431,264,DATE,7,64,239,7
BUILDING_BOULDER,NARRATIVE_DESCRIPTION,1431,264,VARCHAR2,120,884,0,31
BUILDING_BOULDER,NEW_RES_UNIT,1431,264,NUMBER,22,10,1403,2
BUILDING_BOULDER,NEW_SF,1431,264,NUMBER,22,103,1326,2
BUILDING_BOULDER,OWNER1_COMPANY,1431,264,VARCHAR2,120,4,1427,2
BUILDING_BOULDER,OWNER1_FIRST_NAME,1431,264,VARCHAR2,120,560,26,7
BUILDING_BOULDER,OWNER1_LAST_NAME,1431,264,VARCHAR2,120,902,7,8
BUILDING_BOULDER,OWNER2_COMPANY,1431,264,VARCHAR2,120,1,1430,2
BUILDING_BOULDER,OWNER2_FIRST_NAME,1431,264,VARCHAR2,120,210,1096,3
BUILDING_BOULDER,OWNER2_LAST_NAME,1431,264,VARCHAR2,120,344,1014,3
BUILDING_BOULDER,PERMIT_TYPES,1431,264,VARCHAR2,120,60,0,16
BUILDING_BOULDER,PRIMARY_COMPANY,1431,264,VARCHAR2,120,511,86,22
BUILDING_BOULDER,PRIMARY_FIRST_NAME,1431,264,VARCHAR2,120,108,1251,2
BUILDING_BOULDER,PRIMARY_LAST_NAME,1431,264,VARCHAR2,120,592,0,22
BUILDING_BOULDER,REMODEL_SF,1431,264,NUMBER,22,160,1185,2
BUILDING_BOULDER,TOTAL_PROJECT_VALUE,1431,264,NUMBER,22,272,0,3
BUILDING_BOULDER,TOTAL_SUBPERMIT_VALUE,1431,264,NUMBER,22,623,0,4
BUILDING_LA,ADDRESS_END,54243,351,VARCHAR2,120,13144,0,6
BUILDING_LA,ADDRESS_FRACTION_END,54243,351,VARCHAR2,120,10,52436,2
BUILDING_LA,ADDRESS_FRACTION_START,54243,351,VARCHAR2,120,6,53263,2
BUILDING_LA,ADDRESS_START,54243,351,VARCHAR2,4,9,0,2
BUILDING_LA,APPLICANT_ADDRESS_1,54243,351,VARCHAR2,120,9740,26450,10
BUILDING_LA,APPLICANT_ADDRESS_2,54243,351,VARCHAR2,120,1323,45546,2
BUILDING_LA,APPLICANT_ADDRESS_3,54243,351,VARCHAR2,120,1319,26962,8
BUILDING_LA,APPLICANT_BUSINESS_NAME,54243,351,VARCHAR2,120,1483,50116,3
BUILDING_LA,APPLICANT_FIRST_NAME,54243,351,VARCHAR2,4,36,7125,2
BUILDING_LA,APPLICANT_LAST_NAME,54243,351,VARCHAR2,120,8729,15100,6
BUILDING_LA,APPLICANT_RELATIONSHIP,54243,351,VARCHAR2,120,16,1506,14
BUILDING_LA,ASSESSOR_BOOK,54243,351,NUMBER,22,1136,29,4
BUILDING_LA,ASSESSOR_PAGE,54243,351,NUMBER,22,93,30,4
BUILDING_LA,ASSESSOR_PARCEL,54243,351,VARCHAR2,120,270,30,3
BUILDING_LA,CENSUS_TRACT,54243,351,FLOAT,22,1083,30,5
BUILDING_LA,CITY_BLOCK,54243,351,VARCHAR2,120,260,43439,2
BUILDING_LA,CITY_ZONE,54243,351,VARCHAR2,120,1056,150,8
BUILDING_LA,CONTRACTOR_ADDRESS,54243,351,VARCHAR2,120,11976,8973,18
BUILDING_LA,CONTRACTOR_CITY,54243,351,VARCHAR2,120,609,9107,10
BUILDING_LA,CONTRACTOR_STATE,54243,351,VARCHAR2,120,40,9113,3
BUILDING_LA,CONTRACTORS_BUSINESS_NAME,54243,351,VARCHAR2,120,11451,20,22
BUILDING_LA,COUNCIL_DISTRICT,54243,351,NUMBER,22,15,31,3
BUILDING_LA,EVENT_CODE,54243,351,VARCHAR2,120,0,54243,0
BUILDING_LA,EXISTING_CODE,54243,351,NUMBER,22,30,37034,2
BUILDING_LA,FLOOR_AREA_LA_BUILDING_CODE_,54243,351,NUMBER,22,2713,11468,2
BUILDING_LA,FLOOR_AREA_LA_ZONING_CODE_DE,54243,351,NUMBER,22,2620,47921,2
BUILDING_LA,INITIATING_OFFICE,54243,351,VARCHAR2,120,7,0,9
BUILDING_LA,ISSUE_DATE,54243,351,DATE,7,363,0,8
BUILDING_LA,LATITUDE_LONGITUDE,54243,351,VARCHAR2,120,31090,5757,21
BUILDING_LA,LICENSE_EXPIRATION_DATE,54243,351,DATE,7,37,6137,8
BUILDING_LA,LICENSE_NUM,54243,351,VARCHAR2,120,10752,0,7
BUILDING_LA,LICENSE_TYPE,54243,351,VARCHAR2,120,52,0,4
BUILDING_LA,LOT,54243,351,VARCHAR2,120,1259,377,4
BUILDING_LA,N_OF_ACCESSORY_DWELLING_UNITS,54243,351,NUMBER,22,5,51993,2
BUILDING_LA,N_OF_RESIDENTIAL_DWELLING_UNIT,54243,351,NUMBER,22,54,51111,2
BUILDING_LA,N_OF_STORIES,54243,351,NUMBER,22,16,47560,2
BUILDING_LA,OCCUPANCY,54243,351,VARCHAR2,120,10,53487,2
BUILDING_LA,PCIS_PERMIT_NUM,54243,351,VARCHAR2,120,52944,0,18
BUILDING_LA,PERMIT_CATEGORY,54243,351,VARCHAR2,120,2,0,13
BUILDING_LA,PERMIT_SUB_TYPE,54243,351,VARCHAR2,120,7,0,18
BUILDING_LA,PERMIT_TYPE,54243,351,VARCHAR2,120,17,0,13
BUILDING_LA,PRINCIPAL_FIRST_NAME,54243,351,VARCHAR2,120,2924,8417,6
BUILDING_LA,PRINCIPAL_LAST_NAME,54243,351,VARCHAR2,120,7195,8624,7
BUILDING_LA,PRINCIPAL_MIDDLE_NAME,54243,351,VARCHAR2,120,2384,22944,5
BUILDING_LA,PROJECT_NUMBER,54243,351,NUMBER,22,4,53871,2
BUILDING_LA,PROPOSED_CODE,54243,351,NUMBER,22,31,45819,2
BUILDING_LA,REFERENCE_NUM,54243,351,VARCHAR2,120,21312,28223,5
BUILDING_LA,STATUS,54243,351,VARCHAR2,120,17,0,12
BUILDING_LA,STATUS_DATE,54243,351,DATE,7,366,0,8
BUILDING_LA,STREET_DIRECTION,54243,351,VARCHAR2,120,4,389,2
BUILDING_LA,STREET_NAME,54243,351,VARCHAR2,120,4976,0,9
BUILDING_LA,STREET_SUFFIX,54243,351,VARCHAR2,120,30,999,4
BUILDING_LA,SUFFIX_DIRECTION,54243,351,VARCHAR2,120,10,53891,2
BUILDING_LA,TRACT,54243,351,VARCHAR2,120,10241,297,12
BUILDING_LA,UNIT_RANGE_END,54243,351,VARCHAR2,120,594,53004,2
BUILDING_LA,UNIT_RANGE_START,54243,351,VARCHAR2,120,3946,43623,2
BUILDING_LA,VALUATION,54243,351,FLOAT,22,2605,32096,2
BUILDING_LA,WORK_DESCRIPTION,54243,351,VARCHAR2,120,15080,28223,16
BUILDING_LA,ZIP_CODE,54243,351,NUMBER,22,123,3,5
BUILDING_HONOLULU,ACCEPTEDVALUE,52527,600,NUMBER,22,4886,60,3
BUILDING_HONOLULU,ACCESSORYDWELLINGUNITADU,52527,600,VARCHAR2,120,2,0,6
BUILDING_HONOLULU,ADDITION,52527,600,VARCHAR2,120,2,0,6
BUILDING_HONOLULU,ALTERATION,52527,600,VARCHAR2,120,2,0,6
BUILDING_HONOLULU,APPLICANT,52527,600,VARCHAR2,120,13452,0,20
BUILDING_HONOLULU,BPFEECALCULATION,52527,600,NUMBER,22,1517,0,4
BUILDING_HONOLULU,BPFEESCOLLECTED,52527,600,FLOAT,22,2069,29,4
BUILDING_HONOLULU,BUILDINGPERMITNO,52527,600,NUMBER,22,51552,0,5
BUILDING_HONOLULU,BUILDINGPERMITTYPE,52527,600,VARCHAR2,120,6,51515,2
BUILDING_HONOLULU,CITYPROJECT,52527,600,VARCHAR2,120,2,17154,5
BUILDING_HONOLULU,COISSUED,52527,600,VARCHAR2,120,2,0,6
BUILDING_HONOLULU,COMMERCIALRESIDENTIAL,52527,600,VARCHAR2,120,2,0,12
BUILDING_HONOLULU,COMPLETEDDATE,52527,600,DATE,7,361,3477,8
BUILDING_HONOLULU,CONTRACTOR,52527,600,VARCHAR2,120,10094,19,31
BUILDING_HONOLULU,CONTRACTORELECTRICAL,52527,600,VARCHAR2,120,1498,42,20
BUILDING_HONOLULU,CONTRACTORPLUMBING,52527,600,VARCHAR2,120,1010,12,11
BUILDING_HONOLULU,CREATEDDATE,52527,600,DATE,7,398,0,8
BUILDING_HONOLULU,CURBINGTYPES,52527,600,VARCHAR2,120,2,52468,2
BUILDING_HONOLULU,DATEREVIEWSCOMPLETED,52527,600,DATE,7,395,0,8
BUILDING_HONOLULU,DEMOLITION,52527,600,VARCHAR2,120,2,0,6
BUILDING_HONOLULU,ELECTRICALMETERONLY,52527,600,VARCHAR2,120,2,0,6
BUILDING_HONOLULU,ELECTRICALVEHICLECHARGER,52527,600,VARCHAR2,120,2,0,6
BUILDING_HONOLULU,ELECTRICALWORK,52527,600,VARCHAR2,120,2,0,6
BUILDING_HONOLULU,ESTIMATEDVALUEOFWORK,52527,600,NUMBER,22,7138,0,4
BUILDING_HONOLULU,EXISTINGFLOORAREA,52527,600,FLOAT,22,835,49761,2
BUILDING_HONOLULU,EXTERNALFILENUM,52527,600,VARCHAR2,120,52527,0,14
BUILDING_HONOLULU,EXTERNALID,52527,600,VARCHAR2,120,52527,0,14
BUILDING_HONOLULU,FENCE,52527,600,VARCHAR2,120,2,0,6
BUILDING_HONOLULU,FINALCOISSUED,52527,600,VARCHAR2,120,2,0,6
BUILDING_HONOLULU,FINALSTORIES,52527,600,FLOAT,22,50,39594,2
BUILDING_HONOLULU,FLOODHAZARDCOMPLIED,52527,600,VARCHAR2,120,2,0,6
BUILDING_HONOLULU,FLOODHAZARDEXEMPT,52527,600,VARCHAR2,120,2,0,6
BUILDING_HONOLULU,FOUNDATIONONLY,52527,600,VARCHAR2,120,2,0,6
BUILDING_HONOLULU,GEOREFERENCED,52527,600,VARCHAR2,120,35328,0,31
BUILDING_HONOLULU,ISSTATEESPPROJECTBP,52527,600,VARCHAR2,120,1,0,6
BUILDING_HONOLULU,ISSTATEESPPROJECTSD,52527,600,VARCHAR2,120,1,0,6
BUILDING_HONOLULU,ISSUEDATE,52527,600,DATE,7,391,0,8
BUILDING_HONOLULU,JOBADDRESS,52527,600,VARCHAR2,120,10391,41540,6
BUILDING_HONOLULU,JOBLOCATION,52527,600,VARCHAR2,120,45868,103,23
BUILDING_HONOLULU,LOCATIONPERMITISSUED,52527,600,VARCHAR2,120,4,206,7
BUILDING_HONOLULU,NEWBUILDING,52527,600,VARCHAR2,120,2,0,6
BUILDING_HONOLULU,NEWFLOORAREA,52527,600,VARCHAR2,120,3665,40992,2
BUILDING_HONOLULU,NUMROOMSADD,52527,600,NUMBER,22,4,52024,2
BUILDING_HONOLULU,NUMROOMSDEL,52527,600,NUMBER,22,5,52422,2
BUILDING_HONOLULU,NUMUNITSADD,52527,600,NUMBER,22,33,39591,2
BUILDING_HONOLULU,NUMUNITSDEL,52527,600,NUMBER,22,13,50918,2
BUILDING_HONOLULU,OBJECTID,52527,600,VARCHAR2,120,52380,0,9
BUILDING_HONOLULU,OCCUPANCYGROUPASSESSED,52527,600,VARCHAR2,120,21,3,20
BUILDING_HONOLULU,OCCUPANCYGROUPCATEGORY,52527,600,VARCHAR2,120,1798,19,15
BUILDING_HONOLULU,OCCUPANCYGROUPRESIDENTIAL,52527,600,VARCHAR2,120,2,0,6
BUILDING_HONOLULU,OHANA,52527,600,VARCHAR2,120,2,0,6
BUILDING_HONOLULU,OTHERWORK,52527,600,VARCHAR2,120,1889,39047,4
BUILDING_HONOLULU,OWNERSHIPASSESSED,52527,600,VARCHAR2,120,2,0,13
BUILDING_HONOLULU,PLANMAKER,52527,600,VARCHAR2,120,12245,3,13
BUILDING_HONOLULU,PLUMBINGWORK,52527,600,VARCHAR2,120,2,0,6
BUILDING_HONOLULU,POOL,52527,600,VARCHAR2,120,2,0,6
BUILDING_HONOLULU,PROCESSREVIEWTYPE,52527,600,VARCHAR2,120,16,29,22
BUILDING_HONOLULU,PROPOSEDUSE,52527,600,VARCHAR2,120,2631,873,14
BUILDING_HONOLULU,RELOCATIONFROM,52527,600,VARCHAR2,120,2,0,6
BUILDING_HONOLULU,RELOCATIONTO,52527,600,VARCHAR2,120,2,0,6
BUILDING_HONOLULU,REPAIR,52527,600,VARCHAR2,120,2,0,6
BUILDING_HONOLULU,REQUIREAFFIDAVIT,52527,600,VARCHAR2,120,3,47648,2
BUILDING_HONOLULU,REQUIRERESTRICTIVECOVENANT,52527,600,VARCHAR2,120,3,49912,2
BUILDING_HONOLULU,RETAININGWALL,52527,600,VARCHAR2,120,2,0,6
BUILDING_HONOLULU,SHELLONLY,52527,600,VARCHAR2,120,2,0,6
BUILDING_HONOLULU,SIDEWALKTYPES,52527,600,VARCHAR2,120,2,52415,2
BUILDING_HONOLULU,SOLAR,52527,600,VARCHAR2,120,2,0,6
BUILDING_HONOLULU,SOLARVPINSTALLATION,52527,600,VARCHAR2,120,2,0,6
BUILDING_HONOLULU,STATEPROJECT,52527,600,VARCHAR2,120,2,33158,3
BUILDING_HONOLULU,STATUSDESCRIPTION,52527,600,VARCHAR2,120,8,0,26
BUILDING_HONOLULU,STATUSID,52527,600,NUMBER,22,8,0,4
BUILDING_HONOLULU,STRUCTURECODE,52527,600,VARCHAR2,120,80,8,20
BUILDING_HONOLULU,TMK,52527,600,VARCHAR2,120,35632,0,10
BUILDING_HONOLULU,TMKLOOKUP,52527,600,VARCHAR2,120,35844,0,11
BUILDING_HONOLULU,TOTALFLOORAREA,52527,600,FLOAT,22,2692,47825,2
BUILDING_HONOLULU,TYPESOFCONSTRUCTIONACTUAL,52527,600,VARCHAR2,120,19,23305,3
BUILDING_HONOLULU,TYPESOFCONSTRUCTIONMIN,52527,600,VARCHAR2,120,19,23358,3
BUILDING_ALBUQU,APPLICATIONPERMITNUMBER,18611,157,VARCHAR2,120,18508,0,14
BUILDING_ALBUQU,BLOCK,18611,157,VARCHAR2,120,259,10,3
BUILDING_ALBUQU,COMMERCIALORRESIDENTIAL,18611,157,VARCHAR2,120,2,0,12
BUILDING_ALBUQU,CONTRACTORNAME,18611,157,VARCHAR2,120,1775,1151,24
BUILDING_ALBUQU,ISSUEDATE,18611,157,VARCHAR2,120,864,0,9
BUILDING_ALBUQU,LOT,18611,157,VARCHAR2,120,1518,3,4
BUILDING_ALBUQU,NUMBEROFUNITS,18611,157,VARCHAR2,120,38,7268,2
BUILDING_ALBUQU,OWNERNAME,18611,157,VARCHAR2,120,10735,315,23
BUILDING_ALBUQU,PLANCHECKVALUATION,18611,157,FLOAT,22,6868,0,5
BUILDING_ALBUQU,SITENUMBER,18611,157,NUMBER,22,4359,0,4
BUILDING_ALBUQU,SITESTREET,18611,157,VARCHAR2,120,3689,0,10
BUILDING_ALBUQU,SITESTREETDIRECTIONAL,18611,157,VARCHAR2,120,4,0,3
BUILDING_ALBUQU,SITESTREETTYPE,18611,157,VARCHAR2,120,13,814,4
BUILDING_ALBUQU,SITEZIP,18611,157,VARCHAR2,120,7,18477,2
BUILDING_ALBUQU,SUBDIVISION,18611,157,VARCHAR2,120,2582,1,21
BUILDING_ALBUQU,TOTALSQUAREFEET,18611,157,FLOAT,22,3844,0,4
BUILDING_ALBUQU,TYPEOFWORK,18611,157,VARCHAR2,120,22,2,21
BUILDING_FREDERICK,CLASSIFICATION,13469,149,VARCHAR2,120,67,0,25
BUILDING_FREDERICK,CONTRACTOR,13469,149,VARCHAR2,120,929,2885,15
BUILDING_FREDERICK,ISSUE_DATE,13469,149,VARCHAR2,120,599,19,23
BUILDING_FREDERICK,LOCATION_1,13469,149,VARCHAR2,120,3641,29,31
BUILDING_FREDERICK,OWNER,13469,149,VARCHAR2,120,3180,1,24
BUILDING_FREDERICK,PARCEL,13469,149,VARCHAR2,120,3402,1,17
BUILDING_FREDERICK,PERMIT_NO,13469,149,VARCHAR2,120,13452,0,14
BUILDING_FREDERICK,VALUATION,13469,149,NUMBER,22,1204,9106,2
BUILDING_EBR,ADDRESS,83420,254,VARCHAR2,120,63724,3,31
BUILDING_EBR,APPLICANT_NAME,83420,254,VARCHAR2,120,26360,27018,11
BUILDING_EBR,CITY,83420,254,VARCHAR2,120,123,2082,12
BUILDING_EBR,CONTRACTOR_ADDRESS,83420,254,VARCHAR2,120,7538,0,16
BUILDING_EBR,CONTRACTOR_NAME,83420,254,VARCHAR2,120,10136,0,15
BUILDING_EBR,CREATION_DATE,83420,254,DATE,7,362,0,8
BUILDING_EBR,GEOLOCATION,83420,254,VARCHAR2,120,19718,54791,11
BUILDING_EBR,INTERNAL_ID,83420,254,NUMBER,22,83152,0,6
BUILDING_EBR,ISSUED_DATE,83420,254,DATE,7,362,0,8
BUILDING_EBR,LATITUDE,83420,254,VARCHAR2,120,19220,54791,7
BUILDING_EBR,LONGITUDE,83420,254,VARCHAR2,120,19222,54791,8
BUILDING_EBR,LOT_NUMBER,83420,254,VARCHAR2,120,6088,11755,4
BUILDING_EBR,OWNER_NAME,83420,254,VARCHAR2,120,41068,27075,11
BUILDING_EBR,PARISH_NAME,83420,254,VARCHAR2,120,1,0,17
BUILDING_EBR,PERMIT_FEE,83420,254,FLOAT,22,13212,0,4
BUILDING_EBR,PERMIT_NUMBER,83420,254,NUMBER,22,83420,0,5
BUILDING_EBR,PERMIT_TYPE,83420,254,VARCHAR2,120,42,166,14
BUILDING_EBR,PROJECT_DESCRIPTION,83420,254,VARCHAR2,120,29356,934,24
BUILDING_EBR,PROJECT_VALUE,83420,254,FLOAT,22,8927,0,3
BUILDING_EBR,SQUARE_FOOTAGE,83420,254,NUMBER,22,5557,0,3
BUILDING_EBR,STATE,83420,254,VARCHAR2,120,8,17,3
BUILDING_EBR,STREET_ADDRESS,83420,254,VARCHAR2,120,58116,8,19
BUILDING_EBR,SUBDIVISION,83420,254,VARCHAR2,120,7658,9252,19
BUILDING_EBR,ZIP,83420,254,NUMBER,22,85,8373,5
BUILDING_AUSTIN,APPLICANT_ADDRESS_1,52106,551,VARCHAR2,120,654,50506,2
BUILDING_AUSTIN,APPLICANT_ADDRESS_2,52106,551,VARCHAR2,120,2003,41388,6
BUILDING_AUSTIN,APPLICANT_CITY,52106,551,VARCHAR2,120,281,40881,3
BUILDING_AUSTIN,APPLICANT_FULL_NAME,52106,551,VARCHAR2,120,2113,43538,4
BUILDING_AUSTIN,APPLICANT_ORGANIZATION,52106,551,VARCHAR2,120,2055,41460,6
BUILDING_AUSTIN,APPLICANT_PHONE,52106,551,VARCHAR2,120,2336,40879,4
BUILDING_AUSTIN,APPLICANT_ZIP,52106,551,VARCHAR2,120,391,41072,3
BUILDING_AUSTIN,APPLIED_DATE,52106,551,DATE,7,544,4,8
BUILDING_AUSTIN,BUILDING_VALUATION,52106,551,NUMBER,22,171,51182,2
BUILDING_AUSTIN,BUILDING_VALUATION_REMODEL,52106,551,NUMBER,22,1468,45685,2
BUILDING_AUSTIN,CALENDAR_YEAR_ISSUED,52106,551,NUMBER,22,17,0,4
BUILDING_AUSTIN,CERTIFICATE_OF_OCCUPANCY,52106,551,VARCHAR2,120,2,5579,3
BUILDING_AUSTIN,COMPLETED_DATE,52106,551,DATE,7,574,17754,6
BUILDING_AUSTIN,CONDOMINIUM,52106,551,VARCHAR2,120,2,5579,3
BUILDING_AUSTIN,CONTRACTOR_ADDRESS_1,52106,551,VARCHAR2,120,1571,38039,6
BUILDING_AUSTIN,CONTRACTOR_ADDRESS_2,52106,551,VARCHAR2,120,3507,6514,20
BUILDING_AUSTIN,CONTRACTOR_CITY,52106,551,VARCHAR2,120,520,3844,8
BUILDING_AUSTIN,CONTRACTOR_COMPANY_NAME,52106,551,VARCHAR2,120,4175,5363,21
BUILDING_AUSTIN,CONTRACTOR_FULL_NAME,52106,551,VARCHAR2,120,4314,7090,14
BUILDING_AUSTIN,CONTRACTOR_PHONE,52106,551,VARCHAR2,120,4495,3844,11
BUILDING_AUSTIN,CONTRACTOR_TRADE,52106,551,VARCHAR2,120,4,3746,20
BUILDING_AUSTIN,CONTRACTOR_ZIP,52106,551,NUMBER,22,687,4263,5
BUILDING_AUSTIN,COUNCIL_DISTRICT,52106,551,NUMBER,22,10,3459,3
BUILDING_AUSTIN,DAY_ISSUED,52106,551,VARCHAR2,120,7,0,9
BUILDING_AUSTIN,DESCRIPTION,52106,551,VARCHAR2,120,16630,4,30
BUILDING_AUSTIN,ELECTRICAL_VALUATION,52106,551,NUMBER,22,118,50625,2
BUILDING_AUSTIN,ELECTRICAL_VALUATION_REMODEL,52106,551,NUMBER,22,1402,37168,2
BUILDING_AUSTIN,EXPIRES_DATE,52106,551,DATE,7,575,0,8
BUILDING_AUSTIN,FISCAL_YEAR_ISSUED,52106,551,NUMBER,22,17,0,4
BUILDING_AUSTIN,HOUSING_UNITS,52106,551,NUMBER,22,124,10769,3
BUILDING_AUSTIN,ISSUANCE_METHOD,52106,551,VARCHAR2,120,2,0,14
BUILDING_AUSTIN,ISSUED_DATE,52106,551,DATE,7,535,0,8
BUILDING_AUSTIN,ISSUED_IN_LAST_30_DAYS,52106,551,VARCHAR2,120,2,0,4
BUILDING_AUSTIN,JURISDICTION,52106,551,VARCHAR2,120,21,17,20
BUILDING_AUSTIN,LATITUDE,52106,551,VARCHAR2,120,23240,17,12
BUILDING_AUSTIN,LINK,52106,551,VARCHAR2,120,1,0,31
BUILDING_AUSTIN,LOCATION,52106,551,VARCHAR2,120,23360,17,28
BUILDING_AUSTIN,LONGITUDE,52106,551,VARCHAR2,120,23200,17,13
BUILDING_AUSTIN,MASTER_PERMIT_NUM,52106,551,VARCHAR2,120,22052,16121,7
BUILDING_AUSTIN,MECHANICAL_VALUATION,52106,551,NUMBER,22,122,50747,2
BUILDING_AUSTIN,MECHANICAL_VALUATION_REMODEL,52106,551,NUMBER,22,1494,41579,2
BUILDING_AUSTIN,MEDGAS_VALUATION,52106,551,NUMBER,22,0,52106,0
BUILDING_AUSTIN,MEDGAS_VALUATION_REMODEL,52106,551,NUMBER,22,10,49421,2
BUILDING_AUSTIN,NUMBER_OF_FLOORS,52106,551,NUMBER,22,50,10561,3
BUILDING_AUSTIN,ORIGINAL_ADDRESS_1,52106,551,VARCHAR2,120,27166,3,20
BUILDING_AUSTIN,ORIGINAL_CITY,52106,551,VARCHAR2,120,12,12,8
BUILDING_AUSTIN,ORIGINAL_STATE,52106,551,VARCHAR2,120,1,142,3
BUILDING_AUSTIN,ORIGINAL_ZIP,52106,551,NUMBER,22,51,224,5
BUILDING_AUSTIN,PERMIT_CLASS,52106,551,VARCHAR2,120,59,6,23
BUILDING_AUSTIN,PERMIT_CLASS_MAPPED,52106,551,VARCHAR2,120,2,0,12
BUILDING_AUSTIN,PERMIT_NUM,52106,551,VARCHAR2,120,51980,0,15
BUILDING_AUSTIN,PERMIT_TYPE,52106,551,VARCHAR2,120,5,0,3
BUILDING_AUSTIN,PERMIT_TYPE_DESC,52106,551,VARCHAR2,120,5,0,18
BUILDING_AUSTIN,PLUMBING_VALUATION,52106,551,NUMBER,22,95,50303,2
BUILDING_AUSTIN,PLUMBING_VALUATION_REMODEL,52106,551,NUMBER,22,995,39782,2
BUILDING_AUSTIN,PROJECT_ID,52106,551,VARCHAR2,120,52106,0,9
BUILDING_AUSTIN,PROJECT_NAME,52106,551,VARCHAR2,120,28104,27,21
BUILDING_AUSTIN,PROPERTY_LEGAL_DESCRIPTION,52106,551,VARCHAR2,120,18464,6034,27
BUILDING_AUSTIN,REMODEL_REPAIR_SQFT,52106,551,NUMBER,22,2578,31697,2
BUILDING_AUSTIN,STATUS_CURRENT,52106,551,VARCHAR2,120,12,0,7
BUILDING_AUSTIN,STATUS_DATE,52106,551,DATE,7,365,0,8
BUILDING_AUSTIN,TCAD_ID,52106,551,VARCHAR2,120,19114,1801,10
BUILDING_AUSTIN,TOTAL_EXISTING_BLDG_SQFT,52106,551,NUMBER,22,923,48990,2
BUILDING_AUSTIN,TOTAL_JOB_VALUATION,52106,551,NUMBER,22,2910,42926,2
BUILDING_AUSTIN,TOTAL_LOT_SQFT,52106,551,NUMBER,22,2296,47714,2
BUILDING_AUSTIN,TOTAL_NEW_ADD_SQFT,52106,551,NUMBER,22,3849,30542,3
BUILDING_AUSTIN,TOTAL_VALUATION_REMODEL,52106,551,NUMBER,22,1503,45857,2
BUILDING_AUSTIN,WORK_CLASS,52106,551,VARCHAR2,120,26,20,8
BUILDING_SALTLAKE,APPLICATIONSTATUS,14590,245,VARCHAR2,120,9,26,9
BUILDING_SALTLAKE,APPLICATIONSUBTYPE,14590,245,VARCHAR2,120,2,0,12
BUILDING_SALTLAKE,APPLICATIONTYPE,14590,245,VARCHAR2,120,1,0,9
BUILDING_SALTLAKE,APPLICATNAME,14590,245,VARCHAR2,120,7722,7,14
BUILDING_SALTLAKE,APPLIEDDATE,14590,245,VARCHAR2,120,1619,0,15
BUILDING_SALTLAKE,BALANCE,14590,245,NUMBER,22,1,0,2
BUILDING_SALTLAKE,COMPLETEDDATE,14590,245,VARCHAR2,120,0,14590,0
BUILDING_SALTLAKE,DEPARTMENT,14590,245,VARCHAR2,120,1,0,9
BUILDING_SALTLAKE,FEE,14590,245,FLOAT,22,3512,0,5
BUILDING_SALTLAKE,HOUSENBR,14590,245,VARCHAR2,120,2693,0,5
BUILDING_SALTLAKE,HOUSINGUNITS,14590,245,VARCHAR2,120,0,14590,0
BUILDING_SALTLAKE,ISSUEDDATE,14590,245,VARCHAR2,120,1557,0,15
BUILDING_SALTLAKE,LINK,14590,245,VARCHAR2,120,1,0,31
BUILDING_SALTLAKE,LOCATION,14590,245,VARCHAR2,120,8354,0,31
BUILDING_SALTLAKE,ORIGINALCITY,14590,245,VARCHAR2,120,2,0,15
BUILDING_SALTLAKE,ORIGINALSTATE,14590,245,VARCHAR2,120,1,0,3
BUILDING_SALTLAKE,ORIGINALZIP,14590,245,NUMBER,22,23,0,5
BUILDING_SALTLAKE,PERMITNUM,14590,245,VARCHAR2,120,14312,0,14
BUILDING_SALTLAKE,PROJECTNAME,14590,245,VARCHAR2,120,11886,1006,18
BUILDING_SALTLAKE,STREETDIR,14590,245,VARCHAR2,120,4,0,2
BUILDING_SALTLAKE,STREETNAME,14590,245,VARCHAR2,120,795,0,8
BUILDING_SALTLAKE,STREETSUFX,14590,245,VARCHAR2,120,19,5708,3
BUILDING_SALTLAKE,WORKDESCRIPTION,14590,245,VARCHAR2,120,4741,8060,13
BUILDING_SALTLAKE,WORKTYPE,14590,245,VARCHAR2,120,2,0,12
BUILDING_SF,AFF_UNITS,1299,318,NUMBER,22,47,0,3
BUILDING_SF,ALIAS,1299,318,VARCHAR2,120,91,1185,3
BUILDING_SF,APN,1299,318,VARCHAR2,120,1280,0,13
BUILDING_SF,APPLICANT,1299,318,VARCHAR2,120,286,976,5
BUILDING_SF,BESTDATE,1299,318,DATE,7,319,1,8
BUILDING_SF,BESTSTAT,1299,318,VARCHAR2,120,9,0,11
BUILDING_SF,BP_APPLNO,1299,318,VARCHAR2,120,124,242,10
BUILDING_SF,BP_DESC,1299,318,VARCHAR2,120,829,291,25
BUILDING_SF,CIE,1299,318,NUMBER,22,39,0,3
BUILDING_SF,CONTACT,1299,318,VARCHAR2,120,238,1011,5
BUILDING_SF,CONTACTPH,1299,318,VARCHAR2,120,267,968,4
BUILDING_SF,COST,1299,318,NUMBER,22,388,45,4
BUILDING_SF,ENTITLEMENT,1299,318,NUMBER,22,2,0,3
BUILDING_SF,FIRSTFILED,1299,318,DATE,7,346,0,8
BUILDING_SF,HEIGHT_DISTRICT,1299,318,VARCHAR2,120,82,5,6
BUILDING_SF,LOCATION,1299,318,VARCHAR2,120,1279,0,31
BUILDING_SF,MED,1299,318,NUMBER,22,4,0,3
BUILDING_SF,MIPS,1299,318,NUMBER,22,86,0,3
BUILDING_SF,NAMEADDR,1299,318,VARCHAR2,120,1297,0,16
BUILDING_SF,NEIGHBORHOOD,1299,318,VARCHAR2,120,34,0,14
BUILDING_SF,NET_AFF_UNITS,1299,318,NUMBER,22,49,0,3
BUILDING_SF,NET_CIE,1299,318,NUMBER,22,43,0,3
BUILDING_SF,NET_MED,1299,318,NUMBER,22,4,0,3
BUILDING_SF,NET_MIPS,1299,318,NUMBER,22,119,0,3
BUILDING_SF,NET_PDR,1299,318,NUMBER,22,85,0,3
BUILDING_SF,NET_RET,1299,318,NUMBER,22,244,0,3
BUILDING_SF,NET_UNITS,1299,318,NUMBER,22,183,0,3
BUILDING_SF,NET_VISIT,1299,318,NUMBER,22,18,0,3
BUILDING_SF,PDR,1299,318,NUMBER,22,27,0,3
BUILDING_SF,PLAN_AREA,1299,318,VARCHAR2,120,38,689,11
BUILDING_SF,PLAN_DISTRICT,1299,318,VARCHAR2,120,15,0,12
BUILDING_SF,PLANNER,1299,318,VARCHAR2,120,120,885,4
BUILDING_SF,PLN_CASENO,1299,318,VARCHAR2,120,746,533,8
BUILDING_SF,PLN_DESC,1299,318,VARCHAR2,120,450,713,15
BUILDING_SF,PROJECT_TYPE,1299,318,VARCHAR2,120,10,0,9
BUILDING_SF,PROPUSE,1299,318,VARCHAR2,120,38,341,12
BUILDING_SF,RET,1299,318,NUMBER,22,227,0,3
BUILDING_SF,SUPE_DISTRICT,1299,318,VARCHAR2,120,11,0,26
BUILDING_SF,UNITS,1299,318,VARCHAR2,120,178,0,3
BUILDING_SF,VISIT,1299,318,NUMBER,22,16,0,3
BUILDING_SF,ZONING,1299,318,VARCHAR2,120,79,2,6
BUILDING_SF,ZONING_DISTRICT,1299,318,VARCHAR2,120,76,2,29
BUILDING_STRATHCONA,ADDRESSOBJECTID,32349,399,NUMBER,22,13077,0,4
BUILDING_STRATHCONA,APPLICANT,32349,399,VARCHAR2,120,14239,71,22
BUILDING_STRATHCONA,APPLIEDDATE,32349,399,VARCHAR2,120,5468,0,11
BUILDING_STRATHCONA,BLOCK,32349,399,VARCHAR2,120,317,4600,3
BUILDING_STRATHCONA,BUILDINGTYPE,32349,399,VARCHAR2,120,113,291,22
BUILDING_STRATHCONA,CITY,32349,399,VARCHAR2,120,0,32349,0
BUILDING_STRATHCONA,COMPLETEDDATE,32349,399,VARCHAR2,120,4350,6255,10
BUILDING_STRATHCONA,COUNT,32349,399,NUMBER,22,1,0,3
BUILDING_STRATHCONA,CURRENTSTATUS,32349,399,NUMBER,22,14,0,5
BUILDING_STRATHCONA,CURRENTSTATUSMAPPED,32349,399,VARCHAR2,120,13,0,13
BUILDING_STRATHCONA,DESCRIPTION,32349,399,VARCHAR2,120,10904,194,25
BUILDING_STRATHCONA,ESTPROJECTCOST,32349,399,NUMBER,22,5068,14,4
BUILDING_STRATHCONA,HOUSINGUNITS,32349,399,NUMBER,22,37,0,3
BUILDING_STRATHCONA,ISSUEDDATE,32349,399,VARCHAR2,120,5564,0,11
BUILDING_STRATHCONA,JURISDICTION,32349,399,VARCHAR2,120,1,0,18
BUILDING_STRATHCONA,LATITUDE,32349,399,FLOAT,22,18610,1492,7
BUILDING_STRATHCONA,LOCATION,32349,399,VARCHAR2,120,18926,1492,30
BUILDING_STRATHCONA,LONGITUDE,32349,399,FLOAT,22,18866,1492,9
BUILDING_STRATHCONA,LOT,32349,399,VARCHAR2,120,836,3320,3
BUILDING_STRATHCONA,MERIDIAN,32349,399,NUMBER,22,2,8122,3
BUILDING_STRATHCONA,ORIGINALADDRESS1,32349,399,VARCHAR2,120,13047,12382,12
BUILDING_STRATHCONA,ORIGINALADDRESS2,32349,399,VARCHAR2,120,0,32349,0
BUILDING_STRATHCONA,PARCELAREA,32349,399,VARCHAR2,120,0,32349,0
BUILDING_STRATHCONA,PARCELOBJECTID,32349,399,NUMBER,22,19052,0,6
BUILDING_STRATHCONA,PERMITCLASSMAPPED,32349,399,VARCHAR2,120,6,215,12
BUILDING_STRATHCONA,PERMITMONTH,32349,399,VARCHAR2,120,274,7302,19
BUILDING_STRATHCONA,PERMITMONTHLABEL,32349,399,NUMBER,22,22,0,3
BUILDING_STRATHCONA,PERMITNUM,32349,399,VARCHAR2,120,32332,0,12
BUILDING_STRATHCONA,PERMITOBJECTID,32349,399,NUMBER,22,32170,0,6
BUILDING_STRATHCONA,PERMITTYPE,32349,399,NUMBER,22,1,0,4
BUILDING_STRATHCONA,PERMITTYPEDESC,32349,399,VARCHAR2,120,0,32349,0
BUILDING_STRATHCONA,PERMITTYPEMAPPED,32349,399,VARCHAR2,120,1,0,16
BUILDING_STRATHCONA,PERMITYEAR,32349,399,VARCHAR2,120,24,0,23
BUILDING_STRATHCONA,PERMITYEARLABEL,32349,399,NUMBER,22,24,0,4
BUILDING_STRATHCONA,PIN,32349,399,VARCHAR2,120,18564,0,11
BUILDING_STRATHCONA,PLAN,32349,399,VARCHAR2,120,2195,2182,8
BUILDING_STRATHCONA,POSTALCODE,32349,399,VARCHAR2,120,1,32346,2
BUILDING_STRATHCONA,PROVINCE,32349,399,VARCHAR2,120,1,0,3
BUILDING_STRATHCONA,QUARTER,32349,399,VARCHAR2,120,10,8124,3
BUILDING_STRATHCONA,RANGE,32349,399,NUMBER,22,5,8122,3
BUILDING_STRATHCONA,SECTION,32349,399,NUMBER,22,37,8122,3
BUILDING_STRATHCONA,SERVICEAREA,32349,399,VARCHAR2,120,2,0,12
BUILDING_STRATHCONA,STATUSDATE,32349,399,VARCHAR2,120,4498,0,11
BUILDING_STRATHCONA,TOTALSQFT,32349,399,NUMBER,22,5272,11314,3
BUILDING_STRATHCONA,TOWNSHIP,32349,399,NUMBER,22,6,8122,3
BUILDING_STRATHCONA,WARD,32349,399,NUMBER,22,8,1492,3
BUILDING_STRATHCONA,WORKCLASS,32349,399,NUMBER,22,10,185,5
BUILDING_STRATHCONA,WORKCLASSMAPPED,32349,399,VARCHAR2,120,10,185,15
BUILDING_STRATHCONA,ZONING,32349,399,VARCHAR2,120,162,2137,4
